{
    "version": "2.0.0",
    "tasks": [
        {
            "label": "Build (Release)",
            "type": "shell",
            "command": "make",
            "args": ["all"],
            "group": {
                "kind": "build",
                "isDefault": true
            },
            "options": {
                "cwd": "${workspaceFolder}"
            },
            "problemMatcher": ["$gcc"],
            "detail": "Build passflow with -O3 optimizations"
        },
        {
            "label": "Build (Debug)",
            "type": "shell",
            "command": "make",
            "args": ["debug"],
            "group": "build",
            "options": {
                "cwd": "${workspaceFolder}"
            },
            "problemMatcher": ["$gcc"],
            "detail": "Build passflow with -g -O0 debug symbols"
        },
        {
            "label": "Clean",
            "type": "shell",
            "command": "make",
            "args": ["clean"],
            "group": "build",
            "options": {
                "cwd": "${workspaceFolder}"
            },
            "problemMatcher": [],
            "detail": "Remove build directory"
        },
        {
            "label": "Clean + Build (Debug)",
            "dependsOn": ["Build (Debug)"],
            "group": "build",
            "problemMatcher": ["$gcc"],
            "detail": "Clean and rebuild with debug symbols (make debug already does clean)"
        },
        {
            "label": "Run",
            "type": "shell",
            "command": "make",
            "args": ["run"],
            "group": "test",
            "options": {
                "cwd": "${workspaceFolder}"
            },
            "problemMatcher": [],
            "detail": "Build and run passflow"
        },
        {
            "label": "Show Build Info",
            "type": "shell",
            "command": "make",
            "args": ["info"],
            "group": "none",
            "options": {
                "cwd": "${workspaceFolder}"
            },
            "problemMatcher": [],
            "detail": "Print compiler and source file info"
        }
    ]
}
